あ,あ,言,え,ば,こ,う,言,う,（,あ,あ,い,え,ば,こ,う,い,う,）
会,う,は,別,れ,の,始,め,（,あ,う,は,わ,か,れ,の,は,じ,め,）
青,菜,に,塩,（,あ,お,な,に,し,お,）
青,は,藍,よ,り,出,で,て,藍,よ,り,青,し,（,あ,お,は,あ,い,よ,り,い,で,て,あ,い,よ,り,あ,お,し,）
秋,の,扇,（,あ,き,の,お,う,ぎ,）
秋,の,日,は,釣,瓶,落,と,し,（,あ,き,の,ひ,は,つ,る,べ,お,と,し,）
悪,事,千,里,を,走,る,（,あ,く,じ,せ,ん,り,を,は,し,る,）
麻,の,中,の,蓬,（,あ,さ,の,な,か,の,よ,も,ぎ,）
頭,の,上,の,蝿,も,追,え,ぬ,（,あ,た,ま,の,う,え,の,は,え,も,お,え,ぬ,）
悪,貨,は,良,貨,を,駆,逐,す,る,（,あ,っ,か,は,り,ょ,う,か,を,く,ち,く,す,る,）
圧,巻,（,あ,っ,か,ん,）
羹,に,懲,り,て,膾,を,吹,く,（,あ,つ,も,の,に,こ,り,て,な,ま,す,を,ふ,く,）
後,足,で,砂,を,掛,け,る,（,あ,と,あ,し,で,す,な,を,か,け,る,）
後,の,祭,り,（,あ,と,の,ま,つ,り,）
痘,痕,も,え,く,ぼ,（,あ,ば,た,も,え,く,ぼ,）
危,な,い,橋,を,渡,る,（,あ,ぶ,な,い,は,し,を,わ,た,る,）
虻,蜂,取,ら,ず,（,あ,ぶ,は,ち,と,ら,ず,）
雨,垂,れ,石,を,穿,つ,（,あ,ま,だ,れ,い,し,を,う,が,つ,）
網,呑,舟,の,魚,を,漏,ら,す,（,あ,み,ど,ん,し,ゅ,う,の,う,お,を,も,ら,す,）
雨,降,っ,て,地,固,ま,る,（,あ,め,ふ,っ,て,じ,か,た,ま,る,）
鮑,の,片,思,い,（,あ,わ,び,の,か,た,お,も,い,）
鞍,上,人,な,く,鞍,下,馬,な,し,（,あ,ん,じ,ょ,う,ひ,と,な,く,あ,ん,か,う,ま,な,し,）
石,が,流,れ,て,木,の,葉,が,沈,む,（,い,し,が,な,が,れ,て,こ,の,は,が,し,ず,む,）
石,に,漱,ぎ,流,れ,に,枕,す,（,い,し,に,く,ち,す,す,ぎ,な,が,れ,に,ま,く,ら,す,）
石,の,上,に,も,三,年,（,い,し,の,う,え,に,も,さ,ん,ね,ん,）
石,橋,を,叩,い,て,渡,る,（,い,し,ば,し,を,た,た,い,て,わ,た,る,）
医,者,の,不,養,生,（,い,し,ゃ,の,ふ,よ,う,じ,ょ,う,）
交,喙,の,嘴,（,い,す,か,の,は,し,）
い,ず,れ,菖,蒲,か,杜,若,（,い,ず,れ,あ,や,め,か,か,き,つ,ば,た,）
急,が,ば,回,れ,（,い,そ,が,ば,ま,わ,れ,）
鼬,の,最,後,っ,屁,（,い,た,ち,の,さ,い,ご,っ,ぺ,）
鼬,の,道,切,り,（,い,た,ち,の,み,ち,き,り,）
一,言,以,っ,て,之,を,蔽,う,（,い,ち,ご,ん,も,っ,て,こ,れ,を,お,お,う,）
一,事,が,万,事,（,い,ち,じ,が,ば,ん,じ,）
一,字,千,金,（,い,ち,じ,せ,ん,き,ん,）
一,難,去,っ,て,ま,た,一,難,（,い,ち,な,ん,さ,っ,て,ま,た,い,ち,な,ん,）
一,葉,落,ち,て,天,下,の,秋,を,知,る,（,い,ち,よ,う,お,ち,て,て,ん,か,の,あ,き,を,し,る,）
一,挙,両,得,（,い,っ,き,ょ,り,ょ,う,と,く,）
一,刻,千,金,（,い,っ,こ,く,せ,ん,き,ん,）
一,刻,千,秋,（,い,っ,こ,く,せ,ん,し,ゅ,う,）
一,将,功,成,り,て,万,骨,枯,る,（,い,っ,し,ょ,う,こ,う,な,り,て,ば,ん,こ,つ,か,る,）
一,寸,先,は,闇,（,い,っ,す,ん,さ,き,は,や,み,）
一,寸,の,光,陰,軽,ん,ず,べ,か,ら,ず,（,い,っ,す,ん,の,こ,う,い,ん,か,る,ん,ず,べ,か,ら,ず,）
一,寸,の,虫,に,も,五,分,の,魂,（,い,っ,す,ん,の,む,し,に,も,ご,ぶ,の,た,ま,し,い,）
一,斑,を,以,っ,て,全,豹,を,卜,す,（,い,っ,ぱ,ん,を,も,っ,て,ぜ,ん,ぴ,ょ,う,を,ぼ,く,す,）
鷸,蚌,の,争,い,（,い,つ,ぼ,う,の,あ,ら,そ,い,）
乙,夜,の,覧,（,い,つ,や,の,ら,ん,）
犬,と,猿,（,い,ぬ,と,さ,る,）
犬,の,遠,吠,え,（,い,ぬ,の,と,お,ぼ,え,）
犬,も,歩,け,ば,棒,に,当,た,る,（,い,ぬ,も,あ,る,け,ば,ぼ,う,に,あ,た,る,）
命,あ,っ,て,の,物,種,（,い,の,ち,あ,っ,て,の,も,の,だ,ね,）
井,の,中,の,蛙,大,海,を,知,ら,ず,（,い,の,な,か,の,か,わ,ず,た,い,か,い,を,し,ら,ず,）
衣,鉢,を,伝,う,（,い,は,つ,を,つ,た,う,）
韋,編,三,度,絶,つ,（,い,へ,ん,み,た,び,た,つ,）
鰯,の,頭,も,信,心,か,ら,（,い,わ,し,の,あ,た,ま,も,し,ん,じ,ん,か,ら,）
言,わ,ぬ,が,花,（,い,わ,ぬ,が,は,な,）
殷,鑑,遠,か,ら,ず,（,い,ん,か,ん,と,お,か,ら,ず,）
魚,心,あ,れ,ば,水,心,（,う,お,ご,こ,ろ,あ,れ,ば,み,ず,ご,こ,ろ,）
牛,に,引,か,れ,て,善,光,寺,参,り,（,う,し,に,ひ,か,れ,て,ぜ,ん,こ,う,じ,ま,い,り,）
牛,は,牛,連,れ,（,う,し,は,う,し,づ,れ,）
氏,よ,り,育,ち,（,う,じ,よ,り,そ,だ,ち,）
牛,を,馬,に,乗,り,換,え,る,（,う,し,を,う,ま,に,の,り,か,え,る,）
嘘,か,ら,出,た,実,（,う,そ,か,ら,で,た,ま,こ,と,）
嘘,つ,き,は,泥,棒,の,は,じ,ま,り,（,う,そ,つ,き,は,ど,ろ,ぼ,う,の,は,じ,ま,り,）
嘘,も,方,便,（,う,そ,も,ほ,う,べ,ん,）
独,活,の,大,木,（,う,ど,の,た,い,ぼ,く,）
鵜,の,真,似,を,す,る,烏,（,う,の,ま,ね,を,す,る,か,ら,す,）
鵜,の,目,鷹,の,目,（,う,の,め,た,か,の,め,）
馬,の,耳,に,念,仏,（,う,ま,の,み,み,に,ね,ん,ぶ,つ,）
売,り,言,葉,に,買,い,言,葉,（,う,り,こ,と,ば,に,か,い,こ,と,ば,）
瓜,の,蔓,に,茄,子,は,生,ら,ぬ,（,う,り,の,つ,る,に,な,す,び,は,な,ら,ぬ,）
噂,を,す,れ,ば,影,が,射,す,（,う,わ,さ,を,す,れ,ば,か,げ,が,さ,す,）
雲,泥,の,差,（,う,ん,で,い,の,さ,）
易,簀,（,え,き,さ,く,）
得,手,に,帆,を,揚,げ,る,（,え,て,に,ほ,を,あ,げ,る,）
江,戸,の,仇,を,長,崎,で,討,つ,（,え,ど,の,か,た,き,を,な,が,さ,き,で,う,つ,）
蝦,で,鯛,を,釣,る,（,え,び,で,た,い,を,つ,る,）
遠,交,近,攻,（,え,ん,こ,う,き,ん,こ,う,）
猿,猴,月,を,取,る,（,え,ん,こ,う,つ,き,を,と,る,）
燕,雀,安,ん,ぞ,鴻,鵠,の,志,を,知,ら,ん,（,え,ん,じ,ゃ,く,い,ず,く,ん,ぞ,こ,う,こ,く,の,こ,こ,ろ,ざ,し,を,し,ら,ん,）
偃,鼠,河,に,飲,め,ど,も,腹,を,満,た,す,に,過,ぎ,ず,（,え,ん,そ,か,わ,に,の,め,ど,も,は,ら,を,み,た,す,に,は,す,ぎ,ず,）
縁,の,下,の,力,持,ち,（,え,ん,の,し,た,の,ち,か,ら,も,ち,）
傍,目,八,目,（,お,か,め,は,ち,も,く,）
奥,歯,に,物,が,挟,ま,る,（,お,く,ば,に,も,の,が,は,さ,ま,る,）
驕,る,者,久,し,か,ら,ず,（,お,ご,る,も,の,ひ,さ,し,か,ら,ず,）
小,田,原,評,定,（,お,だ,わ,ら,ひ,ょ,う,じ,ょ,う,）
同,じ,穴,の,狢,（,お,な,じ,あ,な,の,む,じ,な,）
同,じ,釜,の,飯,を,食,う,（,お,な,じ,か,ま,の,め,し,を,く,う,）
鬼,が,出,る,か,蛇,が,出,る,か,（,お,に,が,で,る,か,じ,ゃ,が,で,る,か,）
鬼,が,笑,う,（,お,に,が,わ,ら,う,）
鬼,に,金,棒,（,お,に,に,か,な,ぼ,う,）
鬼,の,居,ぬ,間,の,洗,濯,（,お,に,の,い,ぬ,ま,の,せ,ん,た,く,）
鬼,の,首,を,取,っ,た,よ,う,（,お,に,の,く,び,を,と,っ,た,よ,う,）
鬼,の,念,仏,（,お,に,の,ね,ん,ぶ,つ,）
鬼,の,目,に,も,涙,（,お,に,の,め,に,も,な,み,だ,）
鬼,も,十,八,番,茶,も,出,花,（,お,に,も,じ,ゅ,う,は,ち,ば,ん,ち,ゃ,も,で,ば,な,）
帯,に,短,し,襷,に,長,し,（,お,び,に,み,じ,か,し,た,す,き,に,な,が,し,）
溺,れ,る,者,は,藁,を,も,掴,む,（,お,ぼ,れ,る,も,の,は,わ,ら,を,も,つ,か,む,）
親,の,心,子,知,ら,ず,（,お,や,の,こ,こ,ろ,こ,し,ら,ず,）
親,の,光,は,七,光,り,（,お,や,の,ひ,か,り,は,な,な,ひ,か,り,）
女,賢,し,う,て,牛,売,り,損,な,う,（,お,ん,な,さ,か,し,う,て,う,し,う,り,そ,こ,な,う,）
女,三,人,寄,れ,ば,姦,し,い,（,お,ん,な,さ,ん,に,ん,よ,れ,ば,か,し,ま,し,い,）
飼,い,犬,に,手,を,噛,ま,れ,る,（,か,い,い,ぬ,に,て,を,か,ま,れ,る,）
会,稽,の,恥,（,か,い,け,い,の,は,じ,）
解,語,の,花,（,か,い,ご,の,は,な,）
隗,よ,り,始,め,よ,（,か,い,よ,り,は,じ,め,よ,）
蛙,の,子,は,蛙,（,か,え,る,の,こ,は,か,え,る,）
蛙,の,面,に,水,（,か,え,る,の,つ,ら,に,み,ず,）
蝸,牛,角,上,の,争,い,（,か,ぎ,ゅ,う,か,く,じ,ょ,う,の,あ,ら,そ,い,）
学,問,に,王,道,な,し,（,が,く,も,ん,に,お,う,ど,う,な,し,）
獲,麟,（,か,く,り,ん,）
華,胥,の,国,に,遊,ぶ,（,か,し,ょ,の,く,に,に,あ,そ,ぶ,）
臥,薪,嘗,胆,（,が,し,ん,し,ょ,う,た,ん,）
苛,政,は,虎,よ,り,も,猛,し,（,か,せ,い,は,と,ら,よ,り,も,た,け,し,）
渇,す,れ,ど,も,盗,泉,の,水,を,飲,ま,ず,（,か,っ,す,れ,ど,も,と,う,せ,ん,の,み,ず,を,の,ま,ず,）
河,童,の,川,流,れ,（,か,っ,ぱ,の,か,わ,な,が,れ,）
河,童,の,屁,（,か,っ,ぱ,の,へ,）
桂,を,折,る,（,か,つ,ら,を,お,る,）
瓜,田,に,履,を,納,れ,ず,（,か,で,ん,に,く,つ,を,い,れ,ず,）
鼎,の,軽,重,を,問,う,（,か,な,え,の,け,い,ち,ょ,う,を,と,う,）
蟹,は,甲,羅,に,似,せ,て,穴,を,掘,る,（,か,に,は,こ,う,ら,に,に,せ,て,あ,な,を,ほ,る,）
金,の,切,れ,目,が,縁,の,切,れ,目,（,か,ね,の,き,れ,め,が,え,ん,の,き,れ,め,）
金,は,天,下,の,回,り,も,の,（,か,ね,は,て,ん,か,の,ま,わ,り,も,の,）
禍,福,は,糾,え,る,縄,の,如,し,（,か,ふ,く,は,あ,ざ,な,え,る,な,わ,の,ご,と,し,）
壁,に,耳,（,か,べ,に,み,み,）
果,報,は,寝,て,待,て,（,か,ほ,う,は,ね,て,ま,て,）
剃,刀,の,刃,を,渡,る,（,か,み,そ,り,の,は,を,わ,た,る,）
亀,の,甲,よ,り,年,の,功,（,か,め,の,こ,う,よ,り,と,し,の,こ,う,）
鴨,が,葱,を,背,負,っ,て,来,る,（,か,も,が,ね,ぎ,を,し,ょ,っ,て,く,る,）
痒,い,と,こ,ろ,に,手,が,届,く,（,か,ゆ,い,と,こ,ろ,に,て,が,と,ど,く,）
烏,に,反,哺,の,孝,あ,り,（,か,ら,す,に,は,ん,ぽ,の,こ,う,あ,り,）
画,龍,点,睛,（,が,り,ょ,う,て,ん,せ,い,）
枯,れ,木,に,花,（,か,れ,き,に,は,な,）
枯,れ,木,も,山,の,賑,わ,い,（,か,れ,き,も,や,ま,の,に,ぎ,わ,い,）
可,愛,い,子,に,は,旅,を,さ,せ,よ,（,か,わ,い,い,こ,に,は,た,び,を,さ,せ,よ,）
可,愛,さ,余,っ,て,憎,さ,が,百,倍,（,か,わ,い,さ,あ,ま,っ,て,に,く,さ,が,ひ,ゃ,く,ば,い,）
邯,鄲,の,歩,み,（,か,ん,た,ん,の,あ,ゆ,み,）
邯,鄲,の,夢,（,か,ん,た,ん,の,ゆ,め,）
艱,難,汝,を,玉,に,す,（,か,ん,な,ん,な,ん,じ,を,た,ま,に,す,）
堪,忍,袋,の,緒,が,切,れ,る,（,か,ん,に,ん,ぶ,く,ろ,の,お,が,き,れ,る,）
管,鮑,の,交,わ,り,（,か,ん,ぽ,う,の,ま,じ,わ,り,）
聞,い,て,極,楽,見,て,地,獄,（,き,い,て,ご,く,ら,く,み,て,じ,ご,く,）
奇,貨,居,く,べ,し,（,き,か,お,く,べ,し,）
雉,も,鳴,か,ず,ば,撃,た,れ,ま,い,（,き,じ,も,な,か,ず,ば,う,た,れ,ま,い,）
疑,心,暗,鬼,（,ぎ,し,ん,あ,ん,き,）
木,で,鼻,を,扱,く,る,（,き,で,は,な,を,こ,く,る,）
木,に,竹,を,接,ぐ,（,き,に,た,け,を,つ,ぐ,）
木,に,縁,り,て,魚,を,求,む,（,き,に,よ,り,て,う,お,を,も,と,む,）
昨,日,は,人,の,身,今,日,は,我,が,身,（,き,の,う,は,ひ,と,の,み,き,ょ,う,は,わ,が,み,）
木,の,実,は,本,へ,落,つ,（,き,の,み,は,も,と,へ,お,つ,）
気,は,心,（,き,は,こ,こ,ろ,）
杞,憂,（,き,ゆ,う,）
九,死,に,一,生,を,得,る,（,き,ゅ,う,し,に,い,っ,し,ょ,う,を,え,る,）
牛,耳,を,執,る,（,ぎ,ゅ,う,じ,を,と,る,）
窮,す,れ,ば,通,ず,（,き,ゅ,う,す,れ,ば,つ,う,ず,）
窮,鼠,猫,を,噛,む,（,き,ゅ,う,そ,ね,こ,を,か,む,）
器,用,貧,乏,（,き,よ,う,び,ん,ぼ,う,）
渠,成,っ,て,水,至,る,（,き,ょ,な,っ,て,み,ず,い,た,る,）
漁,夫,の,利,（,ぎ,ょ,ふ,の,り,）
麒,麟,も,老,い,て,は,駑,馬,に,劣,る,（,き,り,ん,も,お,い,て,は,ど,ば,に,お,と,る,）
金,時,の,火,事,見,舞,い,（,き,ん,と,き,の,か,じ,み,ま,い,）
臭,い,も,の,に,蓋,を,す,る,（,く,さ,い,も,の,に,ふ,た,を,す,る,）
腐,っ,て,も,鯛,（,く,さ,っ,て,も,た,い,）
薬,も,過,ぎ,れ,ば,毒,と,な,る,（,く,す,り,も,す,ぎ,れ,ば,ど,く,と,な,る,）
糞,も,味,噌,も,一,緒,（,く,そ,も,み,そ,も,い,っ,し,ょ,）
口,は,禍,の,元,（,く,ち,は,わ,ざ,わ,い,の,も,と,）
唇,亡,び,て,歯,寒,し,（,く,ち,び,る,ほ,ろ,び,て,は,さ,む,し,）
口,も,八,丁,手,も,八,丁,（,く,ち,も,は,っ,ち,ょ,う,て,も,は,っ,ち,ょ,う,）
国,破,れ,て,山,河,あ,り,（,く,に,や,ぶ,れ,て,さ,ん,が,あ,り,）
蜘,蛛,の,子,を,散,ら,す,（,く,も,の,こ,を,ち,ら,す,）
暗,が,り,か,ら,牛,（,く,ら,が,り,か,ら,う,し,）
苦,し,い,と,き,の,神,頼,み,（,く,る,し,い,と,き,の,か,み,だ,の,み,）
君,子,危,う,き,に,近,寄,ら,ず,（,く,ん,し,あ,や,う,き,に,ち,か,よ,ら,ず,）
君,子,は,豹,変,す,る,（,く,ん,し,は,ひ,ょ,う,へ,ん,す,る,）
葷,酒,山,門,に,入,る,を,許,さ,ず,（,く,ん,し,ゅ,さ,ん,も,ん,に,い,る,を,ゆ,る,さ,ず,）
群,盲,象,を,評,す,（,ぐ,ん,も,う,ぞ,う,を,ひ,ょ,う,す,）
挂,冠,（,け,い,か,ん,）
鶏,群,の,一,鶴,（,け,い,ぐ,ん,の,い,っ,か,く,）
鶏,口,と,な,る,も,牛,後,と,な,る,勿,れ,（,け,い,こ,う,と,な,る,も,ぎ,ゅ,う,ご,と,な,る,な,か,れ,）
芸,術,は,長,く,人,生,は,短,し,（,げ,い,じ,ゅ,つ,は,な,が,く,じ,ん,せ,い,は,み,じ,か,し,）
蛍,雪,（,け,い,せ,つ,）
兄,た,り,難,く,弟,た,り,難,し,（,け,い,た,り,が,た,く,て,い,な,り,が,た,し,）
鶏,鳴,狗,盗,（,け,い,め,い,く,と,う,）
怪,我,の,功,名,（,け,が,の,こ,う,み,ょ,う,）
逆,鱗,（,げ,き,り,ん,）
月,下,氷,人,（,げ,っ,か,ひ,ょ,う,じ,ん,）
毛,を,吹,い,て,疵,を,求,め,る,（,け,を,ふ,い,て,き,ず,を,も,と,め,る,）
涓,滴,岩,を,穿,つ,（,け,ん,て,き,い,わ,を,う,が,つ,）
恋,は,思,案,の,外,（,こ,い,は,し,あ,ん,の,ほ,か,）
光,陰,矢,の,如,し,（,こ,う,い,ん,や,の,ご,と,し,）
後,悔,先,に,立,た,ず,（,こ,う,か,い,さ,き,に,た,た,ず,）
好,事,魔,多,し,（,こ,う,じ,ま,お,お,し,）
弘,法,も,筆,の,誤,ま,り,（,こ,う,ぼ,う,も,ふ,で,の,あ,や,ま,り,）
弘,法,筆,を,選,ば,ず,（,こ,う,ぼ,う,ふ,で,を,え,ら,ば,ず,）
高,木,は,風,に,折,ら,る,（,こ,う,ぼ,く,は,か,ぜ,に,お,ら,る,）
紺,屋,の,明,後,日,（,こ,う,や,の,あ,さ,っ,て,）
紺,屋,の,白,袴,（,こ,ん,や,の,し,ろ,ば,か,ま,）
呉,越,同,舟,（,ご,え,つ,ど,う,し,ゅ,う,）
呉,下,の,阿,蒙,（,ご,か,の,あ,も,う,）
故,郷,へ,錦,を,飾,る,（,こ,き,ょ,う,へ,に,し,き,を,か,ざ,る,）
虎,穴,に,入,ら,ず,ん,ば,虎,子,を,得,ず,（,こ,け,つ,に,い,ら,ず,ん,ば,こ,じ,を,え,ず,）
五,十,歩,百,歩,（,ご,じ,ゅ,っ,ぽ,ひ,ゃ,っ,ぽ,）
壺,中,の,天,地,（,こ,ち,ゅ,う,の,て,ん,ち,）
子,は,三,界,の,首,枷,（,こ,は,さ,ん,が,い,の,く,び,か,せ,）
鼓,腹,撃,壌,（,こ,ふ,く,げ,き,じ,ょ,う,）
田,作,の,歯,軋,り,（,ご,ま,め,の,は,ぎ,し,り,）
子,ゆ,え,の,闇,（,こ,ゆ,え,の,や,み,）
転,ば,ぬ,先,の,杖,（,こ,ろ,ば,ぬ,さ,き,の,つ,え,）
塞,翁,が,馬,（,さ,い,お,う,が,う,ま,）
先,ん,ず,れ,ば,人,を,制,す,（,さ,き,ん,ず,れ,ば,ひ,と,を,せ,い,す,）
策,士,策,に,溺,れ,る,（,さ,く,し,さ,く,に,お,ぼ,れ,る,）
酒,は,百,薬,の,長,（,さ,け,は,ひ,ゃ,く,や,く,の,ち,ょ,う,）
左,袒,（,さ,た,ん,）
五,月,の,鯉,の,吹,流,し,（,さ,つ,き,の,こ,い,の,ふ,き,な,が,し,）
猿,も,木,か,ら,落,ち,る,（,さ,る,も,き,か,ら,お,ち,る,）
去,る,者,は,追,わ,ず,（,さ,る,も,の,は,お,わ,ず,）
去,る,者,は,日,々,に,疎,し,（,さ,る,も,の,は,ひ,び,に,う,と,し,）
触,ら,ぬ,神,に,祟,り,な,し,（,さ,わ,ら,ぬ,か,み,に,た,た,り,な,し,）
三,顧,の,礼,（,さ,ん,こ,の,れ,い,）
三,十,六,計,逃,げ,る,に,如,か,ず,（,さ,ん,じ,ゅ,う,ろ,っ,け,い,に,げ,る,に,し,か,ず,）
山,椒,は,小,粒,で,も,ぴ,り,り,と,辛,い,（,さ,ん,し,ょ,う,は,こ,つ,ぶ,で,も,ぴ,り,り,と,か,ら,い,）
三,人,寄,れ,ば,文,殊,の,知,恵,（,さ,ん,に,ん,よ,れ,ば,も,ん,じ,ゅ,の,ち,え,）
鹿,を,逐,う,者,は,山,を,見,ず,（,し,か,を,お,う,も,の,は,や,ま,を,み,ず,）
鹿,を,指,し,て,馬,と,為,す,（,し,か,を,さ,し,て,う,ま,と,な,す,）
地,獄,で,仏,に,会,う,（,じ,ご,く,で,ほ,と,け,に,あ,う,）
肉,食,っ,た,報,い,（,し,し,く,っ,た,む,く,い,）
獅,子,身,中,の,虫,（,し,し,し,ん,ち,ゅ,う,の,む,し,）
事,実,は,小,説,よ,り,も,奇,な,り,（,じ,じ,つ,は,し,ょ,う,せ,つ,よ,り,も,き,な,り,）
獅,子,の,子,落,と,し,（,し,し,の,こ,お,と,し,）
死,児,の,齢,を,数,え,る,（,し,じ,の,よ,わ,い,を,か,ぞ,え,る,）
士,族,の,商,法,（,し,ぞ,く,の,し,ょ,う,ほ,う,）
七,歩,の,才,（,し,ち,ほ,の,さ,い,）
死,人,に,口,な,し,（,し,に,ん,に,く,ち,な,し,）
死,馬,の,骨,を,買,う,（,し,ば,の,ほ,ね,を,か,う,）
四,面,楚,歌,（,し,め,ん,そ,か,）
釈,迦,に,説,法,（,し,ゃ,か,に,せ,っ,ぽ,う,）
杓,子,定,規,（,し,ゃ,く,し,じ,ょ,う,ぎ,）
蛇,の,道,は,蛇,（,じ,ゃ,の,み,ち,は,へ,び,）
重,箱,の,隅,を,楊,枝,で,穿,る,（,じ,ゅ,う,ば,こ,の,す,み,を,よ,う,じ,で,ほ,じ,く,る,）
守,株,（,し,ゅ,し,ゅ,）
出,盧,（,し,ゅ,つ,ろ,）
朱,に,交,わ,れ,ば,赤,く,な,る,（,し,ゅ,に,ま,じ,わ,れ,ば,あ,か,く,な,る,）
正,直,の,頭,に,神,宿,る,（,し,ょ,う,じ,き,の,こ,う,べ,に,か,み,や,ど,る,）
上,知,と,下,愚,と,は,移,ら,ず,（,じ,ょ,う,ち,と,か,ぐ,と,は,う,つ,ら,ず,）
食,指,が,動,く,（,し,ょ,く,し,が,う,ご,く,）
知,ら,ぬ,が,仏,（,し,ら,ぬ,が,ほ,と,け,）
白,羽,の,矢,が,立,つ,（,し,ら,は,の,や,が,た,つ,）
尻,馬,に,乗,る,（,し,り,う,ま,に,の,る,）
人,事,を,尽,く,し,て,天,命,を,待,つ,（,じ,ん,じ,を,つ,く,し,て,て,ん,め,い,を,ま,つ,）
水,魚,の,交,わ,り,（,す,い,ぎ,ょ,の,ま,じ,わ,り,）
推,敲,（,す,い,こ,う,）
粋,は,身,を,食,う,（,す,い,は,み,を,く,う,）
酸,い,も,甘,い,も,噛,み,分,け,た,（,す,い,も,あ,ま,い,も,か,み,わ,け,た,）
据,膳,食,わ,ぬ,は,男,の,恥,（,す,え,ぜ,ん,く,わ,ぬ,は,お,と,こ,の,は,じ,）
好,き,こ,そ,物,の,上,手,な,れ,（,す,き,こ,そ,も,の,の,じ,ょ,う,ず,な,れ,）
過,ぎ,た,る,は,及,ば,ざ,る,が,如,し,（,す,ぎ,た,る,は,お,よ,ば,ざ,る,が,ご,と,し,）
杜,撰,（,ず,さ,ん,）
雀,の,涙,（,す,ず,め,の,な,み,だ,）
雀,百,ま,で,踊,り,忘,れ,ず,（,す,ず,め,ひ,ゃ,く,ま,で,お,ど,り,わ,す,れ,ず,）
住,め,ば,都,（,す,め,ば,み,や,こ,）
青,眼,（,せ,い,が,ん,）
精,神,一,到,何,事,か,成,ら,ざ,ら,ん,（,せ,い,し,ん,い,っ,と,う,な,に,ご,と,か,な,ら,ざ,ら,ん,）
噬,臍,（,ぜ,い,せ,い,）
清,濁,併,せ,呑,む,（,せ,い,だ,く,あ,わ,せ,の,む,）
清,談,（,せ,い,だ,ん,）
青,天,の,霹,靂,（,せ,い,て,ん,の,へ,き,れ,き,）
積,善,の,家,に,余,慶,あ,り,（,せ,き,ぜ,ん,の,い,え,に,よ,け,い,あ,り,）
折,角,（,せ,っ,か,く,）
折,檻,（,せ,っ,か,ん,）
背,に,腹,は,替,え,ら,れ,ぬ,（,せ,に,は,ら,は,か,え,ら,れ,ぬ,）
前,車,の,覆,る,は,後,車,の,戒,め,（,ぜ,ん,し,ゃ,の,く,つ,が,え,る,は,こ,う,し,ゃ,の,い,ま,し,め,）
前,車,の,轍,（,ぜ,ん,し,ゃ,の,て,つ,）
栴,檀,は,二,葉,よ,り,芳,し,（,せ,ん,だ,ん,は,ふ,た,ば,よ,り,か,ん,ば,し,）
船,頭,多,く,し,て,船,山,に,登,る,（,せ,ん,ど,う,お,お,く,し,て,ふ,ね,や,ま,に,の,ぼ,る,）
善,は,急,げ,（,ぜ,ん,は,い,そ,げ,）
滄,海,の,一,粟,（,そ,う,か,い,の,い,ち,ぞ,く,）
喪,家,の,狗,（,そ,う,か,の,い,ぬ,）
宋,襄,の,仁,（,そ,う,じ,ょ,う,の,じ,ん,）
総,領,の,甚,六,（,そ,う,り,ょ,う,の,じ,ん,ろ,く,）
俎,上,の,魚,（,そ,じ,ょ,う,の,う,お,）
袖,振,り,合,う,も,多,生,の,縁,（,そ,で,ふ,り,あ,う,も,た,し,ょ,う,の,え,ん,）
大,海,は,芥,を,択,ば,ず,（,た,い,か,い,は,あ,く,た,を,え,ら,ば,ず,）
大,疑,は,大,悟,の,基,（,た,い,ぎ,は,た,い,ご,の,も,と,）
大,器,晩,成,（,た,い,き,ば,ん,せ,い,）
大,賢,は,愚,な,る,が,如,し,（,た,い,け,ん,は,ぐ,な,る,が,ご,と,し,）
太,公,望,（,た,い,こ,う,ぼ,う,）
大,山,鳴,動,し,て,鼠,一,匹,（,た,い,ざ,ん,め,い,ど,う,し,て,ね,ず,み,い,っ,ぴ,き,）
大,事,の,前,の,小,事,（,だ,い,じ,の,ま,え,の,し,ょ,う,じ,）
鯛,の,尾,よ,り,鰯,の,頭,（,た,い,の,お,よ,り,い,わ,し,の,あ,た,ま,）
大,は,小,を,兼,ね,る,（,だ,い,は,し,ょ,う,を,か,ね,る,）
大,勇,は,闘,わ,ず,（,た,い,ゆ,う,は,た,た,か,わ,ず,）
大,欲,は,無,欲,に,似,た,り,（,た,い,よ,く,は,む,よ,く,に,に,た,り,）
宝,の,持,ち,腐,れ,（,た,か,ら,の,も,ち,ぐ,さ,れ,）
多,岐,亡,羊,（,た,き,ぼ,う,よ,う,）
多,芸,は,無,芸,（,た,げ,い,は,む,げ,い,）
竹,屋,の,火,事,（,た,け,や,の,か,じ,）
竹,薮,に,矢,を,射,る,（,た,け,や,ぶ,に,や,を,い,る,）
他,山,の,石,（,た,ざ,ん,の,い,し,）
多,勢,に,無,勢,（,た,ぜ,い,に,ぶ,ぜ,い,）
蛇,足,（,だ,そ,く,）
多,々,益,々,弁,ず,（,た,た,ま,す,ま,す,べ,ん,ず,）
畳,の,上,の,水,練,（,た,た,み,の,う,え,の,す,い,れ,ん,）
た,だ,よ,り,高,い,も,の,は,無,い,（,た,だ,よ,り,た,か,い,も,の,は,な,い,）
立,つ,鳥,跡,を,濁,さ,ず,（,た,つ,と,り,あ,と,を,に,ご,さ,ず,）
立,て,板,に,水,（,た,て,い,た,に,み,ず,）
蓼,食,う,虫,も,好,き,好,き,（,た,で,く,う,む,し,も,す,き,ず,き,）
棚,か,ら,牡,丹,餅,（,た,な,か,ら,ぼ,た,も,ち,）
他,人,の,疝,気,を,頭,痛,に,病,む,（,た,に,ん,の,せ,ん,き,を,ず,つ,う,に,や,む,）
旅,の,恥,は,掻,き,捨,て,（,た,び,の,は,じ,は,か,き,す,て,）
旅,は,道,連,れ,世,は,情,（,た,び,は,み,ち,づ,れ,よ,は,な,さ,け,）
卵,に,目,鼻,（,た,ま,ご,に,め,は,な,）
玉,に,瑕,（,た,ま,に,き,ず,）
短,気,は,損,気,（,た,ん,き,は,そ,ん,き,）
知,音,（,ち,い,ん,）
池,魚,の,災,い,（,ち,ぎ,ょ,の,わ,ざ,わ,い,）
竹,馬,の,友,（,ち,く,ば,の,と,も,）
血,で,血,を,洗,う,（,ち,で,ち,を,あ,ら,う,）
茶,腹,も,一,時,（,ち,ゃ,ば,ら,も,い,っ,と,き,）
忠,言,は,耳,に,逆,ら,う,（,ち,ゅ,う,げ,ん,は,み,み,に,さ,か,ら,う,）
朝,三,暮,四,（,ち,ょ,う,さ,ん,ぼ,し,）
提,灯,に,釣,鐘,（,ち,ょ,う,ち,ん,に,つ,り,が,ね,）
朝,令,暮,改,（,ち,ょ,う,れ,い,ぼ,か,い,）
塵,も,積,も,れ,ば,山,と,な,る,（,ち,り,も,つ,も,れ,ば,や,ま,と,な,る,）
月,と,鼈,（,つ,き,と,す,っ,ぽ,ん,）
月,に,叢,雲,、,花,に,風,（,つ,き,に,む,ら,く,も,、,は,な,に,か,ぜ,）
月,夜,に,釜,を,抜,か,れ,る,（,つ,き,よ,に,か,ま,を,ぬ,か,れ,る,）
月,夜,に,提,灯,（,つ,き,よ,に,ち,ょ,う,ち,ん,）
土,一,升,に,金,一,升,（,つ,ち,い,っ,し,ょ,う,に,か,ね,い,っ,し,ょ,う,）
角,を,矯,め,て,牛,を,殺,す,（,つ,の,を,た,め,て,う,し,を,こ,ろ,す,）
爪,に,火,を,灯,す,（,つ,め,に,ひ,を,と,も,す,）
爪,の,垢,を,煎,じ,て,飲,む,（,つ,め,の,あ,か,を,せ,ん,じ,て,の,む,）
鶴,の,一,声,（,つ,る,の,ひ,と,こ,え,）
鶴,は,千,年,亀,は,万,年,（,つ,る,は,せ,ん,ね,ん,か,め,は,ま,ん,ね,ん,）
聾,の,早,耳,（,つ,ん,ぼ,の,は,や,み,み,）
亭,主,の,好,き,な,赤,烏,帽,子,（,て,い,し,ゅ,の,す,き,な,あ,か,え,ぼ,し,）
泥,中,の,蓮,（,で,い,ち,ゅ,う,の,は,ち,す,）
敵,は,本,能,寺,に,在,り,（,て,き,は,ほ,ん,の,う,じ,に,あ,り,）
梃,子,で,も,動,か,な,い,（,て,こ,で,も,う,ご,か,な,い,）
手,鍋,を,提,げ,る,（,て,な,べ,を,さ,げ,る,）
出,る,杭,は,打,た,れ,る,（,で,る,く,い,は,う,た,れ,る,）
天,衣,無,縫,（,て,ん,い,む,ほ,う,）
椽,大,の,筆,（,て,ん,だ,い,の,ふ,で,）
天,高,く,馬,肥,ゆ,る,（,て,ん,た,か,く,う,ま,こ,ゆ,る,）
天,に,唾,す,る,（,て,ん,に,つ,ば,す,る,）
天,馬,空,を,行,く,（,て,ん,ば,く,う,を,ゆ,く,）
天,は,二,物,を,与,え,ず,（,て,ん,は,に,ぶ,つ,を,あ,た,え,ず,）
天,は,自,ら,助,く,る,者,を,助,く,（,て,ん,は,み,ず,か,ら,た,す,く,る,も,の,を,た,す,く,）
灯,台,下,暗,し,（,と,う,だ,い,も,と,く,ら,し,）
問,う,に,落,ち,ず,語,る,に,落,つ,（,と,う,に,お,ち,ず,か,た,る,に,お,つ,）
豆,腐,に,鎹,（,と,う,ふ,に,か,す,が,い,）
東,奔,西,走,（,と,う,ほ,ん,せ,い,そ,う,）
桃,李,言,わ,ざ,れ,ど,も,下,自,ず,か,ら,蹊,を,成,す,（,と,う,り,い,わ,ざ,れ,ど,も,し,た,お,の,ず,か,ら,け,い,を,な,す,）
登,竜,門,（,と,う,り,ゅ,う,も,ん,）
十,日,の,菊,（,と,お,か,の,き,く,）
遠,く,の,親,類,よ,り,近,く,の,他,人,（,と,お,く,の,し,ん,る,い,よ,り,ち,か,く,の,た,に,ん,）
時,は,金,な,り,（,と,き,は,か,ね,な,り,）
読,書,百,遍,意,自,ず,か,ら,通,ず,（,ど,く,し,ょ,ひ,ゃ,っ,ぺ,ん,い,お,の,ず,か,ら,つ,う,ず,）
毒,を,食,ら,わ,ば,皿,ま,で,（,ど,く,を,く,ら,わ,ば,さ,ら,ま,で,）
毒,を,以,っ,て,毒,を,制,す,（,ど,く,を,も,っ,て,ど,く,を,せ,い,す,）
所,変,わ,れ,ば,品,変,わ,る,（,と,こ,ろ,か,わ,れ,ば,し,な,か,わ,る,）
年,に,は,勝,て,ぬ,（,と,し,に,は,か,て,ぬ,）
年,寄,り,の,冷,や,水,（,と,し,よ,り,の,ひ,や,み,ず,）
図,南,（,と,な,ん,）
斗,南,の,一,人,（,と,な,ん,の,い,ち,に,ん,）
駑,馬,に,鞭,打,つ,（,ど,ば,に,む,ち,う,つ,）
鳶,が,鷹,を,生,む,（,と,ん,び,が,た,か,を,う,む,）
飛,ぶ,鳥,を,落,と,す,（,と,ぶ,と,り,を,お,と,す,）
虎,の,威,を,借,る,狐,（,と,ら,の,い,を,か,る,き,つ,ね,）
虎,は,死,し,て,皮,を,残,す,（,と,ら,は,し,し,て,か,わ,を,の,こ,す,）
鳥,無,き,里,の,蝙,蝠,（,と,り,な,き,さ,と,の,こ,う,も,り,）
泥,棒,を,見,て,縄,を,綯,う,（,ど,ろ,ぼ,う,を,み,て,な,わ,を,な,う,）
ど,ん,ぐ,り,の,背,比,べ,（,ど,ん,ぐ,り,の,せ,い,く,ら,べ,）
無,い,袖,は,振,れ,な,い,（,な,い,そ,で,は,ふ,れ,な,い,）
泣,い,て,馬,謖,を,斬,る,（,な,い,て,ば,し,ょ,く,を,き,る,）
長,い,物,に,は,巻,か,れ,ろ,（,な,が,い,も,の,に,は,ま,か,れ,ろ,）
泣,き,面,に,蜂,（,な,き,つ,ら,に,は,ち,）
泣,く,子,と,地,頭,に,は,勝,て,ぬ,（,な,く,こ,と,じ,と,う,に,は,か,て,ぬ,）
情,け,は,人,の,為,な,ら,ず,（,な,さ,け,は,ひ,と,の,た,め,な,ら,ず,）
七,重,の,膝,を,八,重,に,折,る,（,な,な,え,の,ひ,ざ,を,や,え,に,お,る,）
名,は,体,を,表,わ,す,（,な,は,た,い,を,あ,ら,わ,す,）
怠,け,者,の,節,句,働,き,（,な,ま,け,も,の,の,せ,っ,く,ば,た,ら,き,）
蛞,蝓,に,塩,（,な,め,く,じ,に,し,お,）
名,を,取,る,よ,り,実,を,取,れ,（,な,を,と,る,よ,り,じ,つ,を,と,れ,）
南,柯,の,夢,（,な,ん,か,の,ゆ,め,）
煮,え,湯,を,飲,ま,さ,れ,る,（,に,え,ゆ,を,の,ま,さ,れ,る,）
二,階,か,ら,目,薬,（,に,か,い,か,ら,め,ぐ,す,り,）
逃,が,し,た,魚,は,大,き,い,（,の,が,し,た,さ,か,な,は,お,お,き,い,）
苦,虫,を,噛,み,潰,す,（,に,が,む,し,を,か,み,つ,ぶ,す,）
憎,ま,れ,っ,子,世,に,憚,る,（,に,く,ま,れ,っ,こ,よ,に,は,ば,か,る,）
錦,を,衣,て,夜,行,く,が,如,し,（,に,し,き,を,き,て,よ,る,ゆ,く,が,ご,と,し,）
二,豎,（,に,じ,ゅ,）
似,た,も,の,夫,婦,（,に,た,も,の,ふ,う,ふ,）
二,度,あ,る,こ,と,は,三,度,あ,る,（,に,ど,あ,る,こ,と,は,さ,ん,ど,あ,る,）
二,兎,を,追,う,者,は,一,兎,を,も,得,ず,（,に,と,を,お,う,も,の,は,い,っ,と,も,え,ず,）
女,房,は,変,え,る,ほ,ど,悪,く,な,る,（,に,ょ,う,ぼ,う,は,か,え,る,ほ,ど,わ,る,く,な,る,）
女,房,は,質,に,置,い,て,も,朝,酒,は,止,め,ら,れ,ぬ,（,に,ょ,う,ぼ,う,は,し,ち,に,お,い,て,も,あ,さ,ざ,け,は,や,め,ら,れ,ぬ,）
糠,に,釘,（,ぬ,か,に,く,ぎ,）
盗,人,に,追,い,銭,（,ぬ,す,っ,と,に,お,い,せ,ん,）
濡,れ,手,で,粟,（,ぬ,れ,て,で,あ,わ,）
猫,に,小,判,（,ね,こ,に,こ,ば,ん,）
猫,の,手,も,借,り,た,い,（,ね,こ,の,て,も,か,り,た,い,）
猫,を,被,る,（,ね,こ,を,か,ぶ,る,）
嚢,中,の,錐,（,の,う,ち,ゅ,う,の,き,り,）
残,り,物,に,は,福,が,あ,る,（,の,こ,り,も,の,に,は,ふ,く,が,あ,る,）
喉,元,過,ぎ,れ,ば,熱,さ,を,忘,れ,る,（,の,ど,も,と,す,ぎ,れ,ば,あ,つ,さ,を,わ,す,れ,る,）
暖,簾,に,腕,押,し,（,の,れ,ん,に,う,で,お,し,）
背,水,の,陣,（,は,い,す,い,の,じ,ん,）
掃,き,溜,め,に,鶴,（,は,き,だ,め,に,つ,る,）
破,鏡,（,は,き,ょ,う,）
白,眼,（,は,く,が,ん,）
白,玉,楼,（,は,く,ぎ,ょ,く,ろ,う,）
白,眉,（,は,く,び,）
破,天,荒,（,は,て,ん,こ,う,）
花,は,桜,木,人,は,武,士,（,は,な,は,さ,く,ら,ぎ,ひ,と,は,ぶ,し,）
花,よ,り,団,子,（,は,な,よ,り,だ,ん,ご,）
早,起,き,は,三,文,の,徳,（,は,や,お,き,は,さ,ん,も,ん,の,と,く,）
腹,も,身,の,内,（,は,ら,も,み,の,う,ち,）
張,子,の,虎,（,は,り,こ,の,と,ら,）
引,か,れ,者,の,小,唄,（,ひ,か,れ,も,の,の,こ,う,た,）
髭,の,塵,を,払,う,（,ひ,げ,の,ち,り,を,は,ら,う,）
庇,を,貸,し,て,母,屋,を,取,ら,れ,る,（,ひ,さ,し,を,か,し,て,お,も,や,を,と,ら,れ,る,）
尾,生,の,信,（,び,せ,い,の,し,ん,）
顰,に,効,う,（,ひ,そ,み,に,な,ら,う,）
人,を,呪,わ,ば,穴,二,つ,（,ひ,と,を,の,ろ,わ,ば,あ,な,ふ,た,つ,）
髀,肉,之,嘆,（,ひ,に,く,の,た,ん,）
火,の,な,い,と,こ,ろ,に,煙,は,立,た,ぬ,（,ひ,の,な,い,と,こ,ろ,に,け,む,り,は,た,た,ぬ,）
百,聞,は,一,見,に,如,か,ず,（,ひ,ゃ,く,ぶ,ん,は,い,っ,け,ん,に,し,か,ず,）
瓢,箪,か,ら,駒,（,ひ,ょ,う,た,ん,か,ら,こ,ま,）
瓢,箪,鯰,（,ひ,ょ,う,た,ん,な,ま,ず,）
風,声,鶴,唳,（,ふ,う,せ,い,か,く,れ,い,）
風,前,の,灯,し,火,（,ふ,う,ぜ,ん,の,と,も,し,び,）
笛,吹,け,ど,も,踊,ら,ず,（,ふ,え,ふ,け,ど,も,お,ど,ら,ず,）
覆,水,盆,に,反,ら,ず,（,ふ,く,す,い,ぼ,ん,に,か,え,ら,ず,）
武,士,は,食,わ,ね,ど,高,楊,枝,（,ぶ,し,は,く,わ,ね,ど,た,か,よ,う,じ,）
豚,に,真,珠,（,ぶ,た,に,し,ん,じ,ゅ,）
舟,に,刻,み,て,剣,を,求,む,（,ふ,ね,に,き,ざ,み,て,け,ん,を,も,と,む,）
武,陵,桃,源,（,ぶ,り,ょ,う,と,う,げ,ん,）
焚,書,坑,儒,（,ふ,ん,し,ょ,こ,う,じ,ゅ,）
臍,が,茶,を,沸,か,す,（,へ,そ,が,ち,ゃ,を,わ,か,す,）
下,手,の,考,え,休,む,に,似,た,り,（,へ,た,の,か,ん,が,え,や,す,む,に,に,た,り,）
下,手,の,横,好,き,（,へ,た,の,よ,こ,ず,き,）
弁,慶,の,立,ち,往,生,（,べ,ん,け,い,の,た,ち,お,う,じ,ょ,う,）
弁,慶,の,泣,き,所,（,べ,ん,け,い,の,な,き,ど,こ,ろ,）
望,蜀,（,ぼ,う,し,ょ,く,）
坊,主,憎,け,り,ゃ,袈,裟,ま,で,憎,い,（,ぼ,う,ず,に,く,け,り,ゃ,け,さ,ま,で,に,く,い,）
墨,守,（,ぼ,く,し,ゅ,）
仏,作,っ,て,魂,入,れ,ず,（,ほ,と,け,つ,く,っ,て,た,ま,し,い,い,れ,ず,）
仏,の,顔,も,三,度,（,ほ,と,け,の,か,お,も,さ,ん,ど,）
蒔,か,ぬ,種,は,生,え,ぬ,（,ま,か,ぬ,た,ね,は,は,え,ぬ,）
馬,子,に,も,衣,装,（,ま,ご,に,も,い,し,ょ,う,）
眉,毛,を,読,ま,れ,る,（,ま,ゆ,げ,を,よ,ま,れ,る,）
眉,に,唾,を,塗,る,（,ま,ゆ,に,つ,ば,を,ぬ,る,）
眉,に,火,が,付,く,（,ま,ゆ,に,ひ,が,つ,く,）
真,綿,で,首,を,締,め,る,（,ま,わ,た,で,く,び,を,し,め,る,）
木,乃,伊,取,り,が,木,乃,伊,に,な,る,（,み,い,ら,と,り,が,み,い,ら,に,な,る,）
身,か,ら,出,た,錆,（,み,か,ら,で,た,さ,び,）
水,と,油,（,み,ず,と,あ,ぶ,ら,）
味,噌,を,付,け,る,（,み,そ,を,つ,け,る,）
三,日,天,下,（,み,っ,か,て,ん,か,）
三,日,坊,主,（,み,っ,か,ぼ,う,ず,）
三,つ,子,の,魂,百,ま,で,（,み,つ,ご,の,た,ま,し,い,ひ,ゃ,く,ま,で,）
耳,を,掩,う,て,鐘,を,盗,む,（,み,み,を,お,お,う,て,か,ね,を,ぬ,す,む,）
六,日,の,菖,蒲,（,む,い,か,の,し,ょ,う,ぶ,）
昔,取,っ,た,杵,柄,（,む,か,し,と,っ,た,き,ね,づ,か,）
矛,盾,（,む,じ,ゅ,ん,）
娘,一,人,に,婿,八,人,（,む,す,め,ひ,と,り,に,む,こ,は,ち,に,ん,）
胸,に,一,物,（,む,ね,に,い,ち,も,つ,）
無,理,が,通,れ,ば,道,理,が,引,っ,込,む,（,む,り,が,と,お,れ,ば,ど,う,り,が,ひ,っ,こ,む,）
目,か,ら,鼻,へ,抜,け,る,（,め,か,ら,は,な,へ,ぬ,け,る,）
目,屎,鼻,屎,を,笑,う,（,め,く,そ,は,な,く,そ,を,わ,ら,う,）
盲,蛇,に,怖,じ,ず,（,め,く,ら,へ,び,に,お,じ,ず,）
目,に,は,目,、,歯,に,は,歯,（,め,に,は,め,、,は,に,は,は,）
目,の,上,の,瘤,（,め,の,う,え,の,こ,ぶ,）
目,は,口,ほ,ど,に,物,を,言,う,（,め,は,く,ち,ほ,ど,に,も,の,を,い,う,）
孟,母,三,遷,の,教,え,（,も,う,ぼ,さ,ん,せ,ん,の,お,し,え,）
餅,は,餅,屋,（,も,ち,は,も,ち,や,）
沐,猴,に,し,て,冠,す,（,も,っ,こ,う,に,し,て,か,ん,す,）
本,木,に,勝,る,末,木,な,し,（,も,と,き,に,ま,さ,る,う,ら,き,な,し,）
元,の,鞘,に,納,ま,る,（,も,と,の,さ,や,に,お,さ,ま,る,）
元,の,木,阿,弥,（,も,と,の,も,く,あ,み,）
桃,栗,三,年,柿,八,年,（,も,も,く,り,さ,ん,ね,ん,か,き,は,ち,ね,ん,）
焼,け,石,に,水,（,や,け,い,し,に,み,ず,）
焼,け,野,の,雉,子,夜,の,鶴,（,や,け,の,の,き,ぎ,す,よ,る,の,つ,る,）
安,物,買,い,の,銭,失,い,（,や,す,も,の,が,い,の,ぜ,に,う,し,な,い,）
柳,に,雪,折,れ,な,し,（,や,な,ぎ,に,ゆ,き,お,れ,な,し,）
柳,の,下,に,い,る,も,泥,鰌,は,お,ら,ぬ,（,や,な,ぎ,の,し,た,に,い,る,も,ど,じ,ょ,う,は,お,ら,ぬ,）
藪,か,ら,棒,（,や,ぶ,か,ら,ぼ,う,）
藪,を,突,突,い,て,蛇,を,出,す,（,や,ぶ,を,つ,つ,い,て,へ,び,を,だ,す,）
病,膏,肓,に,入,る,（,や,ま,い,こ,う,こ,う,に,い,る,）
病,は,気,か,ら,（,や,ま,い,は,き,か,ら,）
山,高,き,が,故,に,尊,か,ら,ず,（,や,ま,た,か,き,が,ゆ,え,に,と,う,と,か,ら,ず,）
闇,夜,の,鉄,砲,（,や,み,よ,の,て,っ,ぽ,う,）
雪,と,墨,（,ゆ,き,と,す,み,）
雪,に,白,鷺,（,ゆ,き,に,し,ら,さ,ぎ,）
油,断,大,敵,（,ゆ,だ,ん,た,い,て,き,）
欲,に,目,が,眩,む,（,よ,く,に,め,が,く,ら,む,）
弱,り,目,に,祟,り,目,（,よ,わ,り,め,に,た,た,り,め,）
楽,は,苦,の,種,、,苦,は,楽,の,種,（,ら,く,は,く,の,た,ね,、,く,は,ら,く,の,た,ね,）
洛,陽,の,紙,価,を,高,む,（,ら,く,よ,う,の,し,か,を,た,か,む,）
律,義,者,の,子,沢,山,（,り,ち,ぎ,も,の,の,こ,だ,く,さ,ん,）
梁,上,の,君,子,（,り,ょ,う,じ,ょ,う,の,く,ん,し,）
両,手,に,花,（,り,ょ,う,て,に,は,な,）
遼,東,の,豕,（,り,ょ,う,と,う,の,い,の,こ,）
良,薬,は,口,に,苦,し,（,り,ょ,う,や,く,は,く,ち,に,に,が,し,）
類,は,友,を,呼,ぶ,（,る,い,は,と,も,を,よ,ぶ,）
例,に,よ,っ,て,例,の,如,し,（,れ,い,に,よ,っ,て,れ,い,の,ご,と,し,）
壟,断,（,ろ,う,だ,ん,）
隴,を,得,て,蜀,を,望,む,（,ろ,う,を,え,て,し,ょ,く,を,の,ぞ,む,）
論,語,読,み,の,論,語,知,ら,ず,（,ろ,ん,ご,よ,み,の,ろ,ん,ご,し,ら,ず,）
渡,り,に,船,（,わ,た,り,に,ふ,ね,）
渡,る,世,間,に,鬼,は,な,い,（,わ,た,る,せ,け,ん,に,お,に,は,な,い,）
笑,う,門,に,は,福,来,た,る,（,わ,ら,う,か,ど,に,は,ふ,く,き,た,る,）
